observation_date,IRLTLT01FRM156N
1960-01-01,5.82
1960-02-01,5.80
1960-03-01,5.76
1960-04-01,5.81
1960-05-01,5.74
1960-06-01,5.73
1960-07-01,5.68
1960-08-01,5.51
1960-09-01,5.54
1960-10-01,5.56
1960-11-01,5.52
1960-12-01,5.49
1961-01-01,5.55
1961-02-01,5.64
1961-03-01,5.59
1961-04-01,5.50
1961-05-01,5.51
1961-06-01,5.47
1961-07-01,5.45
1961-08-01,5.43
1961-09-01,5.45
1961-10-01,5.53
1961-11-01,5.55
1961-12-01,5.56
1962-01-01,5.52
1962-02-01,5.62
1962-03-01,5.62
1962-04-01,5.48
1962-05-01,5.53
1962-06-01,5.40
1962-07-01,5.32
1962-08-01,5.33
1962-09-01,5.37
1962-10-01,5.34
1962-11-01,5.37
1962-12-01,5.31
1963-01-01,5.34
1963-02-01,5.36
1963-03-01,5.36
1963-04-01,5.29
1963-05-01,5.36
1963-06-01,5.28
1963-07-01,5.24
1963-08-01,5.28
1963-09-01,5.37
1963-10-01,5.41
1963-11-01,5.41
1963-12-01,5.36
1964-01-01,5.45
1964-02-01,5.44
1964-03-01,5.42
1964-04-01,5.46
1964-05-01,5.49
1964-06-01,5.47
1964-07-01,5.40
1964-08-01,5.40
1964-09-01,5.46
1964-10-01,5.50
1964-11-01,5.45
1964-12-01,5.45
1965-01-01,5.44
1965-02-01,6.31
1965-03-01,6.31
1965-04-01,6.32
1965-05-01,6.28
1965-06-01,6.27
1965-07-01,6.15
1965-08-01,6.16
1965-09-01,6.22
1965-10-01,6.34
1965-11-01,6.35
1965-12-01,6.28
1966-01-01,6.32
1966-02-01,6.37
1966-03-01,6.41
1966-04-01,6.44
1966-05-01,6.43
1966-06-01,6.72
1966-07-01,6.60
1966-08-01,6.66
1966-09-01,6.71
1966-10-01,6.76
1966-11-01,6.74
1966-12-01,6.79
1967-01-01,6.78
1967-02-01,6.73
1967-03-01,6.64
1967-04-01,6.72
1967-05-01,6.67
1967-06-01,6.71
1967-07-01,6.68
1967-08-01,6.63
1967-09-01,6.71
1967-10-01,6.69
1967-11-01,6.77
1967-12-01,6.75
1968-01-01,6.78
1968-02-01,6.77
1968-03-01,6.77
1968-04-01,6.73
1968-05-01,6.98
1968-06-01,7.01
1968-07-01,6.94
1968-08-01,6.90
1968-09-01,6.93
1968-10-01,6.95
1968-11-01,7.23
1968-12-01,7.42
1969-01-01,7.56
1969-02-01,7.87
1969-03-01,8.10
1969-04-01,8.08
1969-05-01,8.12
1969-06-01,8.18
1969-07-01,8.16
1969-08-01,8.21
1969-09-01,8.27
1969-10-01,8.44
1969-11-01,8.51
1969-12-01,8.63
1970-01-01,8.74
1970-02-01,8.84
1970-03-01,8.76
1970-04-01,8.63
1970-05-01,8.62
1970-06-01,8.55
1970-07-01,8.46
1970-08-01,8.39
1970-09-01,8.48
1970-10-01,8.47
1970-11-01,8.41
1970-12-01,8.26
1971-01-01,8.33
1971-02-01,8.40
1971-03-01,8.42
1971-04-01,8.43
1971-05-01,8.46
1971-06-01,8.45
1971-07-01,8.48
1971-08-01,8.44
1971-09-01,8.46
1971-10-01,8.46
1971-11-01,8.45
1971-12-01,8.28
1972-01-01,8.41
1972-02-01,8.33
1972-03-01,8.07
1972-04-01,7.92
1972-05-01,7.90
1972-06-01,7.83
1972-07-01,7.80
1972-08-01,7.86
1972-09-01,7.83
1972-10-01,7.91
1972-11-01,8.02
1972-12-01,8.28
1973-01-01,8.33
1973-02-01,8.38
1973-03-01,8.53
1973-04-01,8.62
1973-05-01,8.69
1973-06-01,8.88
1973-07-01,9.15
1973-08-01,9.33
1973-09-01,9.42
1973-10-01,9.50
1973-11-01,9.50
1973-12-01,9.65
1974-01-01,10.21
1974-02-01,10.48
1974-03-01,10.69
1974-04-01,10.70
1974-05-01,10.80
1974-06-01,11.45
1974-07-01,11.40
1974-08-01,11.40
1974-09-01,11.38
1974-10-01,11.14
1974-11-01,11.17
1974-12-01,11.21
1975-01-01,10.90
1975-02-01,10.69
1975-03-01,10.34
1975-04-01,10.36
1975-05-01,10.31
1975-06-01,10.21
1975-07-01,10.20
1975-08-01,10.11
1975-09-01,10.10
1975-10-01,10.15
1975-11-01,10.19
1975-12-01,10.18
1976-01-01,10.16
1976-02-01,10.16
1976-03-01,10.29
1976-04-01,10.24
1976-05-01,10.19
1976-06-01,10.37
1976-07-01,10.51
1976-08-01,10.61
1976-09-01,10.66
1976-10-01,10.95
1976-11-01,10.94
1976-12-01,11.04
1977-01-01,10.66
1977-02-01,10.72
1977-03-01,10.88
1977-04-01,11.12
1977-05-01,11.19
1977-06-01,11.11
1977-07-01,11.07
1977-08-01,11.00
1977-09-01,10.97
1977-10-01,11.01
1977-11-01,11.10
1977-12-01,11.07
1978-01-01,11.25
1978-02-01,11.36
1978-03-01,11.07
1978-04-01,10.75
1978-05-01,10.76
1978-06-01,10.60
1978-07-01,10.49
1978-08-01,10.40
1978-09-01,10.37
1978-10-01,10.21
1978-11-01,10.14
1978-12-01,9.94
1979-01-01,9.68
1979-02-01,9.77
1979-03-01,9.65
1979-04-01,9.64
1979-05-01,9.96
1979-06-01,10.71
1979-07-01,11.25
1979-08-01,11.67
1979-09-01,11.56
1979-10-01,11.60
1979-11-01,12.09
1979-12-01,12.59
1980-01-01,12.52
1980-02-01,14.11
1980-03-01,14.44
1980-04-01,13.95
1980-05-01,13.49
1980-06-01,13.34
1980-07-01,13.43
1980-08-01,13.46
1980-09-01,13.85
1980-10-01,14.27
1980-11-01,14.24
1980-12-01,14.31
1981-01-01,14.58
1981-02-01,15.05
1981-03-01,14.98
1981-04-01,14.97
1981-05-01,17.25
1981-06-01,17.32
1981-07-01,17.11
1981-08-01,17.03
1981-09-01,17.08
1981-10-01,16.94
1981-11-01,16.75
1981-12-01,16.44
1982-01-01,16.42
1982-02-01,16.29
1982-03-01,16.35
1982-04-01,16.29
1982-05-01,16.13
1982-06-01,15.98
1982-07-01,15.96
1982-08-01,15.79
1982-09-01,15.76
1982-10-01,15.81
1982-11-01,15.79
1982-12-01,15.40
1983-01-01,14.99
1983-02-01,14.90
1983-03-01,14.65
1983-04-01,14.55
1983-05-01,14.55
1983-06-01,14.52
1983-07-01,14.04
1983-08-01,13.96
1983-09-01,14.03
1983-10-01,14.15
1983-11-01,14.12
1983-12-01,13.96
1984-01-01,13.76
1984-02-01,13.87
1984-03-01,13.98
1984-04-01,13.81
1984-05-01,13.82
1984-06-01,13.99
1984-07-01,13.91
1984-08-01,13.58
1984-09-01,13.05
1984-10-01,12.02
1984-11-01,12.36
1984-12-01,12.70
1985-01-01,12.12
1985-02-01,12.25
1985-03-01,12.27
1985-04-01,11.98
1985-05-01,11.72
1985-06-01,12.12
1985-07-01,11.87
1985-08-01,11.96
1985-09-01,11.97
1985-10-01,11.59
1985-11-01,11.22
1985-12-01,11.33
1986-01-01,10.79
1986-02-01,10.10
1986-03-01,9.29
1986-04-01,8.56
1986-05-01,8.58
1986-06-01,8.65
1986-07-01,8.55
1986-08-01,8.05
1986-09-01,8.51
1986-10-01,8.97
1986-11-01,9.49
1986-12-01,9.89
1987-01-01,8.86
1987-02-01,9.12
1987-03-01,8.67
1987-04-01,8.69
1987-05-01,8.94
1987-06-01,9.32
1987-07-01,9.37
1987-08-01,9.83
1987-09-01,10.25
1987-10-01,10.70
1987-11-01,9.96
1987-12-01,9.98
1988-01-01,9.81
1988-02-01,9.13
1988-03-01,9.26
1988-04-01,9.20
1988-05-01,9.25
1988-06-01,8.96
1988-07-01,8.98
1988-08-01,9.24
1988-09-01,9.01
1988-10-01,8.76
1988-11-01,8.74
1988-12-01,8.69
1989-01-01,8.57
1989-02-01,8.95
1989-03-01,9.08
1989-04-01,8.86
1989-05-01,8.82
1989-06-01,8.67
1989-07-01,8.55
1989-08-01,8.35
1989-09-01,8.55
1989-10-01,8.81
1989-11-01,9.05
1989-12-01,9.12
1990-01-01,9.54
1990-02-01,9.97
1990-03-01,9.98
1990-04-01,9.59
1990-05-01,9.56
1990-06-01,9.69
1990-07-01,9.59
1990-08-01,10.06
1990-09-01,10.49
1990-10-01,10.38
1990-11-01,10.21
1990-12-01,9.94
1991-01-01,9.77
1991-02-01,9.12
1991-03-01,9.05
1991-04-01,8.90
1991-05-01,8.88
1991-06-01,9.15
1991-07-01,9.19
1991-08-01,9.11
1991-09-01,8.88
1991-10-01,8.80
1991-11-01,8.81
1991-12-01,8.80
1992-01-01,8.46
1992-02-01,8.46
1992-03-01,8.59
1992-04-01,8.68
1992-05-01,8.59
1992-06-01,8.74
1992-07-01,8.90
1992-08-01,9.05
1992-09-01,8.75
1992-10-01,8.44
1992-11-01,8.15
1992-12-01,8.21
1993-01-01,7.97
1993-02-01,7.79
1993-03-01,7.35
1993-04-01,7.16
1993-05-01,7.19
1993-06-01,7.01
1993-07-01,6.75
1993-08-01,6.34
1993-09-01,6.14
1993-10-01,5.98
1993-11-01,6.03
1993-12-01,5.80
1994-01-01,5.67
1994-02-01,5.97
1994-03-01,6.38
1994-04-01,6.69
1994-05-01,6.98
1994-06-01,7.50
1994-07-01,7.39
1994-08-01,7.65
1994-09-01,8.10
1994-10-01,8.19
1994-11-01,8.14
1994-12-01,8.03
1995-01-01,8.22
1995-02-01,8.01
1995-03-01,8.03
1995-04-01,7.81
1995-05-01,7.52
1995-06-01,7.45
1995-07-01,7.45
1995-08-01,7.33
1995-09-01,7.35
1995-10-01,7.49
1995-11-01,7.04
1995-12-01,6.71
1996-01-01,6.47
1996-02-01,6.60
1996-03-01,6.65
1996-04-01,6.51
1996-05-01,6.47
1996-06-01,6.56
1996-07-01,6.49
1996-08-01,6.41
1996-09-01,6.29
1996-10-01,5.98
1996-11-01,5.83
1996-12-01,5.75
1997-01-01,5.69
1997-02-01,5.45
1997-03-01,5.67
1997-04-01,5.81
1997-05-01,5.71
1997-06-01,5.65
1997-07-01,5.44
1997-08-01,5.59
1997-09-01,5.53
1997-10-01,5.60
1997-11-01,5.57
1997-12-01,5.32
1998-01-01,5.12
1998-02-01,5.04
1998-03-01,4.96
1998-04-01,4.97
1998-05-01,5.01
1998-06-01,4.86
1998-07-01,4.78
1998-08-01,4.53
1998-09-01,4.20
1998-10-01,4.19
1998-11-01,4.20
1998-12-01,3.91
1999-01-01,3.78
1999-02-01,3.94
1999-03-01,4.14
1999-04-01,3.99
1999-05-01,4.17
1999-06-01,4.49
1999-07-01,4.82
1999-08-01,5.02
1999-09-01,5.20
1999-10-01,5.44
1999-11-01,5.15
1999-12-01,5.29
2000-01-01,5.66
2000-02-01,5.62
2000-03-01,5.43
2000-04-01,5.33
2000-05-01,5.50
2000-06-01,5.32
2000-07-01,5.40
2000-08-01,5.36
2000-09-01,5.42
2000-10-01,5.36
2000-11-01,5.29
2000-12-01,5.04
2001-01-01,4.94
2001-02-01,4.93
2001-03-01,4.84
2001-04-01,5.00
2001-05-01,5.21
2001-06-01,5.15
2001-07-01,5.15
2001-08-01,4.95
2001-09-01,4.94
2001-10-01,4.72
2001-11-01,4.57
2001-12-01,4.87
2002-01-01,4.93
2002-02-01,4.99
2002-03-01,5.24
2002-04-01,5.24
2002-05-01,5.26
2002-06-01,5.11
2002-07-01,4.96
2002-08-01,4.67
2002-09-01,4.46
2002-10-01,4.55
2002-11-01,4.53
2002-12-01,4.38
2003-01-01,4.22
2003-02-01,4.01
2003-03-01,4.10
2003-04-01,4.22
2003-05-01,3.89
2003-06-01,3.69
2003-07-01,4.01
2003-08-01,4.16
2003-09-01,4.23
2003-10-01,4.28
2003-11-01,4.41
2003-12-01,4.34
2004-01-01,4.20
2004-02-01,4.14
2004-03-01,3.98
2004-04-01,4.18
2004-05-01,4.34
2004-06-01,4.39
2004-07-01,4.27
2004-08-01,4.11
2004-09-01,4.09
2004-10-01,3.98
2004-11-01,3.86
2004-12-01,3.64
2005-01-01,3.58
2005-02-01,3.60
2005-03-01,3.75
2005-04-01,3.54
2005-05-01,3.38
2005-06-01,3.20
2005-07-01,3.27
2005-08-01,3.30
2005-09-01,3.13
2005-10-01,3.29
2005-11-01,3.50
2005-12-01,3.38
2006-01-01,3.34
2006-02-01,3.51
2006-03-01,3.69
2006-04-01,3.95
2006-05-01,4.00
2006-06-01,4.01
2006-07-01,4.03
2006-08-01,3.90
2006-09-01,3.77
2006-10-01,3.81
2006-11-01,3.74
2006-12-01,3.81
2007-01-01,4.07
2007-02-01,4.10
2007-03-01,4.00
2007-04-01,4.21
2007-05-01,4.34
2007-06-01,4.62
2007-07-01,4.58
2007-08-01,4.39
2007-09-01,4.36
2007-10-01,4.40
2007-11-01,4.23
2007-12-01,4.35
2008-01-01,4.15
2008-02-01,4.08
2008-03-01,4.02
2008-04-01,4.27
2008-05-01,4.41
2008-06-01,4.73
2008-07-01,4.69
2008-08-01,4.40
2008-09-01,4.36
2008-10-01,4.18
2008-11-01,3.98
2008-12-01,3.54
2009-01-01,3.60
2009-02-01,3.68
2009-03-01,3.65
2009-04-01,3.66
2009-05-01,3.80
2009-06-01,3.90
2009-07-01,3.73
2009-08-01,3.59
2009-09-01,3.59
2009-10-01,3.56
2009-11-01,3.56
2009-12-01,3.48
2010-01-01,3.52
2010-02-01,3.50
2010-03-01,3.44
2010-04-01,3.40
2010-05-01,3.08
2010-06-01,3.07
2010-07-01,2.99
2010-08-01,2.68
2010-09-01,2.68
2010-10-01,2.72
2010-11-01,3.00
2010-12-01,3.34
2011-01-01,3.44
2011-02-01,3.60
2011-03-01,3.61
2011-04-01,3.69
2011-05-01,3.49
2011-06-01,3.43
2011-07-01,3.40
2011-08-01,2.98
2011-09-01,2.64
2011-10-01,2.99
2011-11-01,3.41
2011-12-01,3.16
2012-01-01,3.18
2012-02-01,3.02
2012-03-01,2.95
2012-04-01,2.99
2012-05-01,2.75
2012-06-01,2.57
2012-07-01,2.28
2012-08-01,2.12
2012-09-01,2.24
2012-10-01,2.19
2012-11-01,2.14
2012-12-01,2.01
2013-01-01,2.17
2013-02-01,2.24
2013-03-01,2.07
2013-04-01,1.80
2013-05-01,1.87
2013-06-01,2.21
2013-07-01,2.25
2013-08-01,2.36
2013-09-01,2.49
2013-10-01,2.39
2013-11-01,2.27
2013-12-01,2.33
2014-01-01,2.38
2014-02-01,2.25
2014-03-01,2.15
2014-04-01,2.03
2014-05-01,1.84
2014-06-01,1.71
2014-07-01,1.56
2014-08-01,1.41
2014-09-01,1.35
2014-10-01,1.26
2014-11-01,1.14
2014-12-01,0.92
2015-01-01,0.67
2015-02-01,0.60
2015-03-01,0.51
2015-04-01,0.44
2015-05-01,0.89
2015-06-01,1.20
2015-07-01,1.11
2015-08-01,1.01
2015-09-01,1.00
2015-10-01,0.87
2015-11-01,0.88
2015-12-01,0.93
2016-01-01,0.84
2016-02-01,0.59
2016-03-01,0.51
2016-04-01,0.51
2016-05-01,0.51
2016-06-01,0.39
2016-07-01,0.17
2016-08-01,0.15
2016-09-01,0.18
2016-10-01,0.33
2016-11-01,0.67
2016-12-01,0.75
2017-01-01,0.86
2017-02-01,1.03
2017-03-01,1.02
2017-04-01,0.88
2017-05-01,0.81
2017-06-01,0.66
2017-07-01,0.84
2017-08-01,0.71
2017-09-01,0.70
2017-10-01,0.81
2017-11-01,0.72
2017-12-01,0.67
2018-01-01,0.85
2018-02-01,0.98
2018-03-01,0.83
2018-04-01,0.78
2018-05-01,0.79
2018-06-01,0.75
2018-07-01,0.67
2018-08-01,0.70
2018-09-01,0.77
2018-10-01,0.82
2018-11-01,0.76
2018-12-01,0.70
2019-01-01,0.65
2019-02-01,0.55
2019-03-01,0.44
2019-04-01,0.37
2019-05-01,0.30
2019-06-01,0.08
2019-07-01,-0.07
2019-08-01,-0.34
2019-09-01,-0.27
2019-10-01,-0.16
2019-11-01,-0.02
2019-12-01,0.04
2020-01-01,-0.01
2020-02-01,-0.18
2020-03-01,-0.05
2020-04-01,0.06
2020-05-01,-0.03
2020-06-01,-0.04
2020-07-01,-0.15
2020-08-01,-0.17
2020-09-01,-0.21
2020-10-01,-0.30
2020-11-01,-0.32
2020-12-01,-0.34
2021-01-01,-0.31
2021-02-01,-0.15
2021-03-01,-0.07
2021-04-01,-0.01
2021-05-01,0.21
2021-06-01,0.15
2021-07-01,-0.01
2021-08-01,-0.12
2021-09-01,0.04
2021-10-01,0.20
2021-11-01,0.10
2021-12-01,0.05
2022-01-01,0.31
2022-02-01,0.68
2022-03-01,0.78
2022-04-01,1.28
2022-05-01,1.52
2022-06-01,2.06
2022-07-01,1.71
2022-08-01,1.69
2022-09-01,2.41
2022-10-01,2.77
2022-11-01,2.58
2022-12-01,2.62
2023-01-01,2.69
2023-02-01,2.87
2023-03-01,2.92
2023-04-01,2.90
2023-05-01,2.94
2023-06-01,2.93
2023-07-01,3.04
2023-08-01,3.11
2023-09-01,3.24
2023-10-01,3.45
2023-11-01,3.19
2023-12-01,2.65
2024-01-01,2.74
2024-02-01,2.85
2024-03-01,2.82
2024-04-01,2.97
2024-05-01,3.03
2024-06-01,3.15
2024-07-01,3.14
2024-08-01,2.94
2024-09-01,2.90
2024-10-01,2.99
2024-11-01,3.09
2024-12-01,3.01
2025-01-01,3.32
2025-02-01,3.15
2025-03-01,3.43
2025-04-01,3.26
2025-05-01,3.26
2025-06-01,3.24
2025-07-01,3.36
2025-08-01,3.42
2025-09-01,3.51
2025-10-01,3.52
2025-11-01: 3.44
2025-12-01: 3.52

